Qto_ActuatorBaseQuantities	IfcActuator	GrossWeight	Q_WEIGHT	Weight of the element.
Qto_AirTerminalBaseQuantities	IfcAirTerminal	GrossWeight	Q_WEIGHT	Weight of the element.
Qto_AirTerminalBaseQuantities	IfcAirTerminal	Perimeter	Q_LENGTH	Perimeter of the air terminal face plate.
Qto_AirTerminalBaseQuantities	IfcAirTerminal	TotalSurfaceArea	Q_AREA	Gross area of the air terminal face plate.
Qto_AirTerminalBoxTypeBaseQuantities	IfcAirTerminalBox	GrossWeight	Q_WEIGHT	Weight of the element.
Qto_AirToAirHeatRecoveryBaseQuantities	IfcAirToAirHeatRecovery	GrossWeight	Q_WEIGHT	Weight of the element.
Qto_AlarmBaseQuantities	IfcAlarm	GrossWeight	Q_WEIGHT	Weight of the element.
Qto_AudioVisualApplianceBaseQuantities	IfcAudioVisualAppliance	GrossWeight	Q_WEIGHT	Weight of the element.
Qto_BeamBaseQuantities	IfcBeam	Length	Q_LENGTH	Total length of the beam, not taking into account any cut-out's or other processing features.
Qto_BeamBaseQuantities	IfcBeam	CrossSectionArea	Q_AREA	Total area of the cross section (or profile) of the beam.
Qto_BeamBaseQuantities	IfcBeam	OuterSurfaceArea	Q_AREA	Total area of the extruded surfaces of the beam (not taking into account the end cap areas), normally generated as perimeter * length.
Qto_BeamBaseQuantities	IfcBeam	GrossSurfaceArea	Q_AREA	Total area of the beam, normally generated as perimeter * length + 2 * cross section area. It is the sum of OuterSurfaceArea + (2 x CrossSectionArea) and shall only be given, if the OuterSurfaceArea and CrossSectionArea cannot be established separately.
Qto_BeamBaseQuantities	IfcBeam	NetSurfaceArea	Q_AREA	Net surface area of the beam, normally generated as perimeter * length + 2 * cross section area taking into account possible processing features (cut-out's, etc.) or openings and recesses. 
Qto_BeamBaseQuantities	IfcBeam	GrossVolume	Q_VOLUME	Total gross volume of the beam, not taking into account possible processing features (cut-out's, etc.) or openings and recesses.
Qto_BeamBaseQuantities	IfcBeam	NetVolume	Q_VOLUME	Total net volume of the beam, taking into account possible processing features (cut-out's, etc.) or openings and recesses.
Qto_BeamBaseQuantities	IfcBeam	GrossWeight	Q_WEIGHT	Total gross weight of the beam without add-on parts, not taking into account possible processing features (cut-out's, etc.) or openings and recesses.
Qto_BeamBaseQuantities	IfcBeam	NetWeight	Q_WEIGHT	Total net weight of the beam without add-on parts, taking into account possible processing features (cut-out's, etc.) or openings and recesses.
Qto_BoilerBaseQuantities	IfcBoiler	GrossWeight	Q_WEIGHT	Weight of the element, not including contained fluid.
Qto_BoilerBaseQuantities	IfcBoiler	NetWeight	Q_WEIGHT	Weight of the element, including contained fluid as designed.
Qto_BoilerBaseQuantities	IfcBoiler	TotalSurfaceArea	Q_AREA	Total surface area of the element.
Qto_BuildingBaseQuantities	IfcBuilding	Height	Q_LENGTH	Standard gross height of this building, from the top surface of the construction floor, to the top surface of the construction floor or roof above. Only provided is there is a constant height.
Qto_BuildingBaseQuantities	IfcBuilding	EavesHeight	Q_LENGTH	Standard net height of this storey, from the top surface of the construction floor, to the bottom surface of the construction floor or roof above. Only provided is there is a constant height.
Qto_BuildingBaseQuantities	IfcBuilding	FootprintArea	Q_AREA	Gross area of the site covered by the building(s).
Qto_BuildingBaseQuantities	IfcBuilding	GrossFloorArea	Q_AREA	Sum of all gross areas of spaces within the building. It includes the area of construction elements within the building. May be provided in addition to the quantities of the spaces and the construction elements assigend to the building. In case of inconsistencies, the individual quantities of spaces and construction elements take precedence.
Qto_BuildingBaseQuantities	IfcBuilding	NetFloorArea	Q_AREA	Sum of all net areas of spaces within the building. It excludes the area of construction elements within the building. May be provided in addition to the quantities of the spaces assigend to the building. In case of inconsistencies, the individual quantities of spaces take precedence.
Qto_BuildingBaseQuantities	IfcBuilding	GrossVolume	Q_VOLUME	Sum of all gross volumes of spaces enclosed by the building. It includes the volumes of construction elements within the building. May be provided in addition to the quantities of the spaces and the construction elements assigend to the building. In case of inconsistencies, the individual quantities of spaces and construction elements take precedence.
Qto_BuildingBaseQuantities	IfcBuilding	NetVolume	Q_VOLUME	Sum of all net volumes of spaces enclosed by the building. It iexcludes the volumes of construction elements within the building. May be provided in addition to the quantities of the spaces assigend to the building. In case of inconsistencies, the individual quantities of spaces take precedence.
Qto_BuildingElementProxyQuantities	IfcBuildingElementProxy	NetSurfaceArea	Q_COUNT	none
Qto_BuildingElementProxyQuantities	IfcBuildingElementProxy	NetVolume	Q_COUNT	none
Qto_BuildingStoreyBaseQuantities	IfcBuildingStorey	GrossHeight	Q_LENGTH	Standard gross height of this storey, from the top surface of the construction floor, to the top surface of the construction floor or roof above. Only provided is there is a constant height.
Qto_BuildingStoreyBaseQuantities	IfcBuildingStorey	NetHeigtht	Q_LENGTH	Standard net height of this storey, from the top surface of the construction floor, to the bottom surface of the construction floor or roof above. Only provided is there is a constant height.
Qto_BuildingStoreyBaseQuantities	IfcBuildingStorey	GrossPerimeter	Q_LENGTH	Perimeter of the outer contour of the building story without taking interior slab openings into account.
Qto_BuildingStoreyBaseQuantities	IfcBuildingStorey	GrossFloorArea	Q_AREA	Sum of all gross areas of spaces within the building storey. It includes the area of construction elements within the building storey. May be provided in addition to the quantities of the spaces and the construction elements assigend to the storey. In case of inconsistencies, the individual quantities of spaces and construction elements take precedence.
Qto_BuildingStoreyBaseQuantities	IfcBuildingStorey	NetFloorArea	Q_AREA	Sum of all net areas of spaces within the building storey. It excludes the area of construction elements within the building storey. May be provided in addition to the quantities of the spaces assigend to the storey. In case of inconsistencies, the individual quantities of spaces take precedence.
Qto_BuildingStoreyBaseQuantities	IfcBuildingStorey	GrossVolume	Q_VOLUME	Sum of all gross volumes of spaces enclosed by the building storey. It includes the volumes of construction elements within the building storey. May be provided in addition to the quantities of the spaces and the construction elements assigend to the storey. In case of inconsistencies, the individual quantities of spaces and construction elements take precedence.
Qto_BuildingStoreyBaseQuantities	IfcBuildingStorey	NetVolume	Q_VOLUME	Sum of all net volumes of spaces enclosed by the building storey. It iexcludes the volumes of construction elements within the building storey. May be provided in addition to the quantities of the spaces assigend to the storey. In case of inconsistencies, the individual quantities of spaces take precedence.
Qto_BurnerBaseQuantities	IfcBurner	GrossWeight	Q_WEIGHT	Weight of the element.
Qto_CableCarrierFittingBaseQuantities	IfcCableCarrierFitting	GrossWeight	Q_WEIGHT	Weight of the element.
Qto_CableCarrierSegmentBaseQuantities	IfcCableCarrierSegment	GrossWeight	Q_WEIGHT	Weight of the element.
Qto_CableCarrierSegmentBaseQuantities	IfcCableCarrierSegment	Length	Q_LENGTH	Length of the segment, calculated at midpoint of cross-section, equal to the distance between inlet and outlet ports.
Qto_CableCarrierSegmentBaseQuantities	IfcCableCarrierSegment	CrossSectionArea	Q_AREA	Area of the cross section.
Qto_CableCarrierSegmentBaseQuantities	IfcCableCarrierSegment	OuterSurfaceArea	Q_AREA	Total surface area.
Qto_CableFittingBaseQuantities	IfcCableFitting	GrossWeight	Q_WEIGHT	Weight of the element.
Qto_CableSegmentBaseQuantities	IfcCableSegment	GrossWeight	Q_WEIGHT	Weight of the element.
Qto_CableSegmentBaseQuantities	IfcCableSegment	Length	Q_LENGTH	Length of the segment, calculated at midpoint of cross-section, equal to the distance between inlet and outlet ports.
Qto_CableSegmentBaseQuantities	IfcCableSegment	CrossSectionArea	Q_AREA	Area of the cross section.
Qto_CableSegmentBaseQuantities	IfcCableSegment	OuterSurfaceArea	Q_AREA	Total surface area of the cable.
Qto_ChillerBaseQuantities	IfcChiller	GrossWeight	Q_WEIGHT	Weight of the element.
Qto_ChimneyBaseQuantities	IfcChimney	Length	Q_LENGTH	Total length of the chimney from the foundation (or beginning) to the top not taking into account any cut-out's or other processing features.
Qto_CoilBaseQuantities	IfcCoil	GrossWeight	Q_WEIGHT	Weight of the element.
Qto_ColumnBaseQuantities	IfcColumn	Length	Q_LENGTH	Total length of the column not taking into account any cut-out's or other processing features.
Qto_ColumnBaseQuantities	IfcColumn	CrossSectionArea	Q_AREA	Total area of the cross section (or profile) of the column.
Qto_ColumnBaseQuantities	IfcColumn	OuterSurfaceArea	Q_AREA	Total area of the extruded surfaces of the column (not taking into account the end cap areas), normally generated as perimeter * length.
Qto_ColumnBaseQuantities	IfcColumn	GrossSurfaceArea	Q_AREA	Total area of the column, normally generated as perimeter * length + 2 * cross section area. It is the sum of OuterSurfaceArea + (2 x CrossSectionArea) and shall only be given, if the OuterSurfaceArea and CrossSectionArea cannot be established separately.
Qto_ColumnBaseQuantities	IfcColumn	NetSurfaceArea	Q_AREA	Net surface area of the column, normally generated as perimeter * length + 2 * cross section area taking into account possible processing features (cut-out's, etc.) or openings and recesses. 
Qto_ColumnBaseQuantities	IfcColumn	GrossVolume	Q_VOLUME	Total gross volume of the column, not taking into account possible processing features (cut-out's, etc.) or openings and recesses.
Qto_ColumnBaseQuantities	IfcColumn	NetVolume	Q_VOLUME	Total net volume of the column, taking into account possible processing features (cut-out's, etc.) or openings and recesses.
Qto_ColumnBaseQuantities	IfcColumn	GrossWeight	Q_WEIGHT	Total gross weight of the column without add-on parts, not taking into account possible processing features (cut-out's, etc.) or openings and recesses.
Qto_ColumnBaseQuantities	IfcColumn	NetWeight	Q_WEIGHT	Total net weight of the column without add-on parts, taking into account possible processing features (cut-out's, etc.) or openings and recesses.
Qto_CommunicationsApplianceBaseQuantities	IfcCommunicationsAppliance	GrossWeight	Q_WEIGHT	Weight of the element.
Qto_CompressorBaseQuantities	IfcCompressor	GrossWeight	Q_WEIGHT	Weight of the element.
Qto_CondenserBaseQuantities	IfcCondenser	GrossWeight	Q_WEIGHT	Weight of the element.
Qto_ConstructionEquipmentResourceBaseQuantities	IfcConstructionEquipmentResource	UsageTime	Q_TIME	Total time using the equipment including operating time and idle time.
Qto_ConstructionEquipmentResourceBaseQuantities	IfcConstructionEquipmentResource	OperatingTime	Q_TIME	Productive time using the equipment including operating time and excluding idle time.
Qto_ConstructionMaterialResourceBaseQuantities	IfcConstructionMaterialResource	GrossVolume	Q_VOLUME	Total gross volume of the material, including material placed and wasted.
Qto_ConstructionMaterialResourceBaseQuantities	IfcConstructionMaterialResource	NetVolume	Q_VOLUME	Total net volume of the material, including material placed but excluding material wasted.
Qto_ConstructionMaterialResourceBaseQuantities	IfcConstructionMaterialResource	GrossWeight	Q_WEIGHT	Total gross weight of the material, including material placed and wasted.
Qto_ConstructionMaterialResourceBaseQuantities	IfcConstructionMaterialResource	NetWeight	Q_WEIGHT	Total net weight of the material, including material placed but excluding material wasted.
Qto_ControllerBaseQuantities	IfcController	GrossWeight	Q_WEIGHT	Weight of the element.
Qto_CooledBeamBaseQuantities	IfcCooledBeam	GrossWeight	Q_WEIGHT	Weight of the element.
Qto_CoolingTowerBaseQuantities	IfcCoolingTower	GrossWeight	Q_WEIGHT	Weight of the element.
Qto_CoveringBaseQuantities	IfcCovering	Width	Q_LENGTH	Nominal width (or thickness) of the plate. Only given, if the covering is prismatic (constant thickess). 
Qto_CoveringBaseQuantities	IfcCovering	GrossArea	Q_AREA	Sum of all gross areas of the covering facing the space. No opening that is included in the covering is subtracted.
Qto_CoveringBaseQuantities	IfcCovering	NetArea	Q_AREA	Sum of all net areas  of the covering facing the space. All openings that is included in the covering are subtracted.
Qto_CurtainWallQuantities	IfcCurtainWall	Length	Q_LENGTH	Total length of the curtain wall along the cutain wall center line (even if different to the curtain wall path).
Qto_CurtainWallQuantities	IfcCurtainWall	Height	Q_LENGTH	Total height of the curtain wall. It should only be provided, if it is constant along the curtain wall path. 
Qto_CurtainWallQuantities	IfcCurtainWall	Width	Q_LENGTH	Thickness of the curtain wall. It should only be provided, if it is constant along the curtain wall path. 
Qto_CurtainWallQuantities	IfcCurtainWall	GrossSideArea	Q_AREA	Area of the curtain wall as viewed by an elevation view of the middle plane of the curtain wall.  It does not take into account any curtain wall modifications. 
Qto_CurtainWallQuantities	IfcCurtainWall	NetSideArea	Q_AREA	Area of the curtain wall as viewed by an elevation view of the middle plane of the curtain wall. It does take into account all curtain wall modifications. 
Qto_DamperBaseQuantities	IfcDamper	GrossWeight	Q_WEIGHT	Weight of the element.
Qto_DistributionChamberElementBaseQuantities	IfcDistributionChamberElement	GrossSurfaceArea	Q_AREA	Total gross area of the inner surface of the chamber, not taking into account openings such as for pipes, ducts, or cables.
Qto_DistributionChamberElementBaseQuantities	IfcDistributionChamberElement	NetSurfaceArea	Q_AREA	Total net area of the inner surface of the chamber, subtracting any openings such as for pipes, ducts, or cables.
Qto_DistributionChamberElementBaseQuantities	IfcDistributionChamberElement	GrossVolume	Q_VOLUME	Total gross volume of the chamber, not taking into account any enclosed elements such as pipes, ducts, cables, or equipment.
Qto_DistributionChamberElementBaseQuantities	IfcDistributionChamberElement	NetVolume	Q_VOLUME	Total net volume of the chamber, subtracting any enclosed elements such as pipes, ducts, cables, or equipment.
Qto_DoorBaseQuantities	IfcDoor	Width	Q_LENGTH	Total outer width of the door lining. It should only be provided, if it is a rectangular door.
Qto_DoorBaseQuantities	IfcDoor	Height	Q_LENGTH	Total outer heigth of the door lining. It should only be provided, if it is a rectangular door.
Qto_DoorBaseQuantities	IfcDoor	Perimeter	Q_LENGTH	Total perimeter of the outer lining of the door.
Qto_DoorBaseQuantities	IfcDoor	Area	Q_AREA	Total area of the outer lining of the door.
Qto_DuctFittingBaseQuantities	IfcDuctFitting	Length	Q_LENGTH	Length of the fitting, calculated at midpoint of cross-section and equal to the distance along the flow path from the port inlet to the port outlet. For junction fittings, it indicates the length of the longest flow path. 
Qto_DuctFittingBaseQuantities	IfcDuctFitting	GrossCrossSectionArea	Q_AREA	Area of the cross section at the inlet, including the duct fitting itself and the interior flow space. 
Qto_DuctFittingBaseQuantities	IfcDuctFitting	NetCrossSectionArea	Q_AREA	Area of the cross section at the inlet, including the duct fitting and excluding the interior flow space. 
Qto_DuctFittingBaseQuantities	IfcDuctFitting	OuterSurfaceArea	Q_AREA	Total area of the extruded surfaces of the fitting (not taking into account the end cap areas).
Qto_DuctFittingBaseQuantities	IfcDuctFitting	GrossWeight	Q_WEIGHT	Weight of the duct fitting.
Qto_DuctSegmentBaseQuantities	IfcDuctSegment	Length	Q_LENGTH	Length of the segment, calculated at midpoint of cross-section, equal to the distance between inlet and outlet ports.
Qto_DuctSegmentBaseQuantities	IfcDuctSegment	GrossCrossSectionArea	Q_AREA	Area of the cross section, including the duct itself and the interior flow space.
Qto_DuctSegmentBaseQuantities	IfcDuctSegment	NetCrossSectionArea	Q_AREA	Area of the cross section of the duct, excluding the interior flow space.
Qto_DuctSegmentBaseQuantities	IfcDuctSegment	OuterSurfaceArea	Q_AREA	Total area of the extruded surfaces of the duct (not taking into account the end cap areas), normally generated as perimeter * length.
Qto_DuctSegmentBaseQuantities	IfcDuctSegment	GrossWeight	Q_WEIGHT	Weight of the duct segment.
Qto_DuctSilencerBaseQuantities	IfcDuctSilencer	GrossWeight	Q_WEIGHT	Weight of the element.
Qto_ElectricApplianceBaseQuantities	IfcElectricAppliance	GrossWeight	Q_WEIGHT	Weight of the element.
Qto_ElectricDistributionBoardBaseQuantities	IfcElectricDistributionBoard	GrossWeight	Q_WEIGHT	Weight of the element.
Qto_ElectricDistributionBoardBaseQuantities	IfcElectricDistributionBoard	NumberOfCircuits	Q_COUNT	Number of circuits in the distribution board.
Qto_ElectricFlowStorageDeviceBaseQuantities	IfcElectricFlowStorageDevice	GrossWeight	Q_WEIGHT	Weight of the element.
Qto_ElectricGeneratorBaseQuantities	IfcElectricGenerator	GrossWeight	Q_WEIGHT	Weight of the element.
Qto_ElectricMotorBaseQuantities	IfcElectricMotor	GrossWeight	Q_WEIGHT	Weight of the element.
Qto_ElectricTimeControlBaseQuantities	IfcElectricTimeControl	GrossWeight	Q_WEIGHT	Weight of the element.
Qto_EvaporativeCoolerBaseQuantities	IfcEvaporativeCooler	GrossWeight	Q_WEIGHT	Weight of the element.
Qto_EvaporatorBaseQuantities	IfcEvaporator	GrossWeight	Q_WEIGHT	Weight of the element.
Qto_FanBaseQuantities	IfcFan	GrossWeight	Q_WEIGHT	Weight of the element.
Qto_FilterBaseQuantities	IfcFilter	GrossWeight	Q_WEIGHT	Weight of the element.
Qto_FireSuppressionTerminalBaseQuantities	IfcFireSuppressionTerminal	GrossWeight	Q_WEIGHT	Weight of the element.
Qto_FlowInstrumentBaseQuantities	IfcFlowInstrument	GrossWeight	Q_WEIGHT	Weight of the element.
Qto_FlowMeterBaseQuantities	IfcFlowMeter	GrossWeight	Q_WEIGHT	Weight of the element.
Qto_FootingBaseQuantities	IfcFooting	Length	Q_LENGTH	Length of the footing, not taking into account any cut-out's or other processing features. For strip footings it is measured along the path, for other footings it is one of the horizontal dimensions. It should only be provided, if it is constant.
Qto_FootingBaseQuantities	IfcFooting	Width	Q_LENGTH	Total nominal width (or thickness) of the footing. For strip footings it is measured perpendicular to the footing path (or longitudial axis). For other footings it is one of the horizontal dimensions. It should only be provided, if it is constant.
Qto_FootingBaseQuantities	IfcFooting	Height	Q_LENGTH	Total nominal height of the footing. It should only be provided, if it is constant.
Qto_FootingBaseQuantities	IfcFooting	CrossSectionArea	Q_AREA	Total area of the cross section (or profile) of the footing.
Qto_FootingBaseQuantities	IfcFooting	OuterSurfaceArea	Q_AREA	Total area of the extruded surfaces of the footing (not taking into account the end cap areas), normally generated as perimeter * length.
Qto_FootingBaseQuantities	IfcFooting	GrossSurfaceArea	Q_AREA	Total area of the footing, normally generated as perimeter * length + 2 * cross section area. It is the sum of OuterSurfaceArea + (2 x CrossSectionArea) and shall only be given, if the OuterSurfaceArea and CrossSectionArea cannot be established separately.
Qto_FootingBaseQuantities	IfcFooting	GrossVolume	Q_VOLUME	Total gross volume of the footing, not taking into account possible processing features (cut-out's, etc.) or openings and recesses.
Qto_FootingBaseQuantities	IfcFooting	NetVolume	Q_VOLUME	Total net volume of the footing, taking into account possible processing features (cut-out's, etc.) or openings and recesses.
Qto_FootingBaseQuantities	IfcFooting	GrossWeight	Q_WEIGHT	Total gross weight of the footing without add-on parts, not taking into account possible processing features (cut-out's, etc.) or openings and recesses.
Qto_FootingBaseQuantities	IfcFooting	NetWeight	Q_WEIGHT	Total net weight of the footing without add-on parts, taking into account possible processing features (cut-out's, etc.) or openings and recesses.
Qto_HeatExchangerBaseQuantities	IfcHeatExchanger	GrossWeight	Q_WEIGHT	Weight of the element.
Qto_HumidifierBaseQuantities	IfcHumidifier	GrossWeight	Q_WEIGHT	Weight of the element.
Qto_InterceptorBaseQuantities	IfcInterceptor	GrossWeight	Q_WEIGHT	Weight of the element.
Qto_JunctionBoxBaseQuantities	IfcJunctionBox	GrossWeight	Q_WEIGHT	Weight of the element.
Qto_JunctionBoxBaseQuantities	IfcJunctionBox	NumberOfGangs	Q_COUNT	Number of gangs in the junction box.
Qto_LaborResourceBaseQuantities	IfcLaborResource	StandardWork	Q_TIME	Work that is performed at regular times, up to a particular limit after which overtime rates may apply.
Qto_LaborResourceBaseQuantities	IfcLaborResource	OvertimeWork	Q_TIME	Work that is performed after exceeding a particular limit such as hours per day and/or hours per week, after which company or municipal policy requires a different rate to apply.  Note: Policies for when overtime takes effect are the responsibility of the user or application; they are not modelled in IFC.
Qto_LampBaseQuantities	IfcLamp	GrossWeight	Q_WEIGHT	Weight of the element.
Qto_LightFixtureBaseQuantities	IfcLightFixture	GrossWeight	Q_WEIGHT	Weight of the element.
Qto_MemberBaseQuantities	IfcMember	Length	Q_LENGTH	Total nominal length of the member, not taking into account any cut-out's or other processing features.
Qto_MemberBaseQuantities	IfcMember	CrossSectionArea	Q_AREA	Total area of the cross section (or profile) of the member.
Qto_MemberBaseQuantities	IfcMember	OuterSurfaceArea	Q_AREA	Total area of the extruded surfaces of the member (not taking into account the end cap areas), normally generated as perimeter * length.
Qto_MemberBaseQuantities	IfcMember	GrossSurfaceArea	Q_AREA	Total area of the member, normally generated as perimeter * length + 2 * cross section area. It is the sum of OuterSurfaceArea + (2 x CrossSectionArea) and shall only be given, if the OuterSurfaceArea and CrossSectionArea cannot be established separately.
Qto_MemberBaseQuantities	IfcMember	NetSurfaceArea	Q_AREA	Net surface area of the member, normally generated as perimeter * length + 2 * cross section area taking into account possible processing features (cut-out's, etc.) or openings and recesses. 
Qto_MemberBaseQuantities	IfcMember	GrossVolume	Q_VOLUME	Total gross volume of the member, not taking into account possible processing features (cut-out's, etc.) or openings and recesses.
Qto_MemberBaseQuantities	IfcMember	NetVolume	Q_VOLUME	Total net volume of the member, taking into account possible processing features (cut-out's, etc.) or openings and recesses.
Qto_MemberBaseQuantities	IfcMember	GrossWeight	Q_WEIGHT	Total gross weight of the member without add-on parts, not taking into account possible processing features (cut-out's, etc.) or openings and recesses.
Qto_MemberBaseQuantities	IfcMember	NetWeight	Q_WEIGHT	Total net weight of the member without add-on parts, taking into account possible processing features (cut-out's, etc.) or openings and recesses.
Qto_MotorConnectionBaseQuantities	IfcMotorConnection	GrossWeight	Q_WEIGHT	Weight of the element.
Qto_OpeningElementBaseQuantities	IfcOpeningElement	Width	Q_LENGTH	Width of the opening, in case of wall openings it is the horizontal dimension in case of slab openings it is one horizontal dimension. Only provided, if the area is rectangular.
Qto_OpeningElementBaseQuantities	IfcOpeningElement	Height	Q_LENGTH	Height of the opening, in case of wall openings it is the vertical dimension in case of slab openings it is one horizontal dimension. Only provided, if the area is rectangular. 
Qto_OpeningElementBaseQuantities	IfcOpeningElement	Depth	Q_LENGTH	Depth (or thickness) of the opening, in case of openings it shall be identical to the width (or thickness) of the voided element, in case of recesses it shall be less. Only provided, if the depth is constant. 
Qto_OpeningElementBaseQuantities	IfcOpeningElement	Area	Q_AREA	Area of the opening as viewed by an elevation view (for wall openings) or as viewed by a ground floor view (for slab openings). 
Qto_OpeningElementBaseQuantities	IfcOpeningElement	Volume	Q_VOLUME	Volume of the opening. It is the subtraction volume of the opening from the voided element (e.g. wall or slab). In case that the geometric volume of the opening is bigger then the subtraction volume, only the subtraction volume should be used. 
Qto_OutletBaseQuantities	IfcOutlet	GrossWeight	Q_WEIGHT	Weight of the element.
Qto_PileBaseQuantities	IfcPile	Length	Q_LENGTH	Total length of the pile not taking into account any cut-out's or other processing features.
Qto_PileBaseQuantities	IfcPile	CrossSectionArea	Q_AREA	Total area of the cross section (or profile) of the pile.
Qto_PileBaseQuantities	IfcPile	OuterSurfaceArea	Q_AREA	Total area of the extruded surfaces of the pile (not taking into account the end cap areas), normally generated as perimeter * length.
Qto_PileBaseQuantities	IfcPile	GrossSurfaceArea	Q_AREA	Total area of the pile, normally generated as perimeter * length + 2 * cross section area. It is the sum of OuterSurfaceArea + (2 x CrossSectionArea) and shall only be given, if the OuterSurfaceArea and CrossSectionArea cannot be established separately.
Qto_PileBaseQuantities	IfcPile	GrossVolume	Q_VOLUME	Total gross volume of the pile, not taking into account possible processing features (cut-out's, etc.) or openings and recesses.
Qto_PileBaseQuantities	IfcPile	NetVolume	Q_VOLUME	Total net volume of the pile, taking into account possible processing features (cut-out's, etc.) or openings and recesses.
Qto_PileBaseQuantities	IfcPile	GrossWeight	Q_WEIGHT	Total gross weight of the pile without add-on parts, not taking into account possible processing features (cut-out's, etc.) or openings and recesses.
Qto_PileBaseQuantities	IfcPile	NetWeight	Q_WEIGHT	Total net weight of the pile without add-on parts, taking into account possible processing features (cut-out's, etc.) or openings and recesses.
Qto_PipeFittingBaseQuantities	IfcPipeFitting	Length	Q_LENGTH	Length of the fitting, calculated at midpoint of cross-section and equal to the distance along the flow path from the port inlet to the port outlet. For junction fittings, it indicates the length of the longest flow path. 
Qto_PipeFittingBaseQuantities	IfcPipeFitting	GrossCrossSectionArea	Q_AREA	Area of the cross section at the inlet, including the pipe fitting itself and the interior flow space. 
Qto_PipeFittingBaseQuantities	IfcPipeFitting	NetCrossSectionArea	Q_AREA	Area of the cross section at the inlet, including the pipe fitting and excluding the interior flow space. 
Qto_PipeFittingBaseQuantities	IfcPipeFitting	OuterSurfaceArea	Q_AREA	Total area of the extruded surfaces of the fitting (not taking into account the end cap areas).
Qto_PipeFittingBaseQuantities	IfcPipeFitting	GrossWeight	Q_WEIGHT	Weight of the pipe fitting itself, not including contained fluid.
Qto_PipeFittingBaseQuantities	IfcPipeFitting	NetWeight	Q_WEIGHT	Weight of the pipe fitting, including contained fluid as designed.
Qto_PipeSegmentBaseQuantities	IfcPipeSegment	Length	Q_LENGTH	Length of the segment, calculated at midpoint of cross-section, equal to the distance between inlet and outlet ports.
Qto_PipeSegmentBaseQuantities	IfcPipeSegment	GrossCrossSectionArea	Q_AREA	Area of the cross section, including the pipe itself and the interior flow space.
Qto_PipeSegmentBaseQuantities	IfcPipeSegment	NetCrossSectionArea	Q_AREA	Area of the cross section of the pipe, excluding the interior flow space.
Qto_PipeSegmentBaseQuantities	IfcPipeSegment	OuterSurfaceArea	Q_AREA	Total area of the extruded surfaces of the pipe (not taking into account the end cap areas), normally generated as perimeter * length.
Qto_PipeSegmentBaseQuantities	IfcPipeSegment	GrossWeight	Q_WEIGHT	Weight of the pipe segment itself, not including contained fluid.
Qto_PipeSegmentBaseQuantities	IfcPipeSegment	NetWeight	Q_WEIGHT	Weight of the pipe segment, including contained fluid as designed.
Qto_PlateBaseQuantities	IfcPlate	Width	Q_LENGTH	Nominal width (or thickness) of the plate. Only given, if the plate is prismatic (constant thickess). 
Qto_PlateBaseQuantities	IfcPlate	Perimeter	Q_LENGTH	Perimeter measured along the outer boundaries of the plate. Only given, if the plate is prismatic (constant thickness).
Qto_PlateBaseQuantities	IfcPlate	GrossArea	Q_AREA	Total area of the extruded area of the plate. Openings, recesses and projections are not taken into account. Only given, if the plate is prismatic.
Qto_PlateBaseQuantities	IfcPlate	NetArea	Q_AREA	Total area of the extruded area of the plate. Openings and recesses are taken into account by subtraction, projections by addition. Only given, if the plate is prismatic.
Qto_PlateBaseQuantities	IfcPlate	GrossVolume	Q_VOLUME	Total gross volume of the plate. Openings, recesses, and projections are not taken into account. 
Qto_PlateBaseQuantities	IfcPlate	NetVolume	Q_VOLUME	Total net volume of the plate. Openings and recesses are taken into account by subtraction, projections by addition. 
Qto_PlateBaseQuantities	IfcPlate	GrossWeight	Q_WEIGHT	Total gross weight of the plate without add-on parts, not taking into account possible processing features (cut-out's, etc.) or openings and recesses.
Qto_PlateBaseQuantities	IfcPlate	NetWeight	Q_WEIGHT	Total net weight of the plate without add-on parts, taking into account possible processing features (cut-out's, etc.) or openings and recesses.
Qto_ProjectionElementBaseQuantities	IfcProjectionElement	Area	Q_AREA	Area of the projection as viewed by an elevation view (for wall projections or as viewed by a ground floor view (for slab projections). 
Qto_ProjectionElementBaseQuantities	IfcProjectionElement	Volume	Q_VOLUME	Volume of the opening. It is the addition volume of the project to the element (e.g. wall or slab). 
Qto_ProtectiveDeviceBaseQuantities	IfcProtectiveDevice	GrossWeight	Q_WEIGHT	Weight of the element.
Qto_ProtectiveDeviceTrippingUnitBaseQuantities	IfcProtectiveDeviceTrippingUnit	GrossWeight	Q_WEIGHT	Weight of the element.
Qto_PumpBaseQuantities	IfcPump	GrossWeight	Q_WEIGHT	Weight of the element.
Qto_RailingBaseQuantities	IfcRailing	Length	Q_LENGTH	Total nominal length of the railing, not taking into account any cut-out's or other processing features.
Qto_RampFlightBaseQuantities	IfcRampFlight	Length	Q_LENGTH	Total length of the ramp flight along the walking line.
Qto_RampFlightBaseQuantities	IfcRampFlight	Width	Q_LENGTH	Thickness of the ramp flight. It should only be provided, if it is constant. 
Qto_RampFlightBaseQuantities	IfcRampFlight	GrossArea	Q_AREA	Total area of the ramp flight (not the projected area). Openings, recesses and projections are not taken into account. Only given, if the ramp flight is prismatic.
Qto_RampFlightBaseQuantities	IfcRampFlight	NetArea	Q_AREA	Total area of the ramp flight (not the projected area). Openings and recesses are taken into account by subtraction, projections by addition. Only given, if the ramp flight is prismatic.
Qto_RampFlightBaseQuantities	IfcRampFlight	GrossVolume	Q_VOLUME	Total gross volume of the ramp flight. Openings, recesses, and projections are not taken into account. 
Qto_RampFlightBaseQuantities	IfcRampFlight	NetVolume	Q_VOLUME	Total net volume of the ramp flight. Openings and recesses are taken into account by subtraction, projections by addition. 
Qto_ReinforcingElementBaseQuantities	IfcReinforcingElement	Count	Q_COUNT	Total count of reinforcing items.
Qto_ReinforcingElementBaseQuantities	IfcReinforcingElement	Length	Q_LENGTH	Total length of reinforcing.
Qto_ReinforcingElementBaseQuantities	IfcReinforcingElement	Weight	Q_WEIGHT	Total weight of reinforcing.
Qto_RoofBaseQuantities	IfcRoof	GrossArea	Q_AREA	Total gross area of the outer surface of the roof. It is the sum of all roof slab gross areas. Roof openings, like sky windows and other openings and cut-outs are not taken into account.
Qto_RoofBaseQuantities	IfcRoof	NetArea	Q_AREA	Total net area of the outer surface of the roof. It is the suma of all roof slab net areas. Roof openings, like sky windows and other openings and cut-outs are taken into account.
Qto_RoofBaseQuantities	IfcRoof	ProjectedArea	Q_AREA	Total gross area of the outer surfaces of the roof, projected tp the ground. It is the sum of all projected roof slab gross areas. Roof openings, like sky windows and other openings and cut-outs are not taken into account.
Qto_SanitaryTerminalBaseQuantities	IfcSanitaryTerminal	GrossWeight	Q_WEIGHT	Weight of the element.
Qto_SensorBaseQuantities	IfcSensor	GrossWeight	Q_WEIGHT	Weight of the element.
Qto_SiteBaseQuantities	IfcSite	GrossPerimeter	Q_LENGTH	Perimeter of the site boundary, measured in horizontal projection.
Qto_SiteBaseQuantities	IfcSite	GrossArea	Q_AREA	Gross area for this site, measured in horizontal projections.
Qto_SlabBaseQuantities	IfcSlab	Width	Q_LENGTH	Nominal width (or thickness) of the slab. Only given, if the slab is prismatic (constant thickess). 
Qto_SlabBaseQuantities	IfcSlab	Length	Q_LENGTH	Length (one direction of the non-projected foot print area) of the slab. It shall only be provided, if the slab is rectangular.
Qto_SlabBaseQuantities	IfcSlab	Depth	Q_LENGTH	"Depth (one direction of the non-projected foot print area) of the slab. It shall only be provided, if the slab is rectangular.
<blockquote class=""note"">NOTE&nbsp; Also refered to as width, but not to be confused with the ""Width"" quantity, that denotes the thickness in the context of the slab.</blockquote>"
Qto_SlabBaseQuantities	IfcSlab	Perimeter	Q_LENGTH	Perimeter measured along the outer boundaries of the slab. Only given, if the slab is prismatic (constant thickness).
Qto_SlabBaseQuantities	IfcSlab	GrossArea	Q_AREA	Total area of the extruded area of the slab. Openings, recesses and projections are not taken into account. Only given, if the slab is prismatic.
Qto_SlabBaseQuantities	IfcSlab	NetArea	Q_AREA	Total area of the extruded area of the slab. Openings and recesses are taken into account by subtraction, projections by addition. Only given, if the slab is prismatic.
Qto_SlabBaseQuantities	IfcSlab	GrossVolume	Q_VOLUME	Total gross volume of the slab. Openings, recesses, and projections are not taken into account. 
Qto_SlabBaseQuantities	IfcSlab	NetVolume	Q_VOLUME	Total net volume of the slab. Openings and recesses are taken into account by subtraction, projections by addition. 
Qto_SlabBaseQuantities	IfcSlab	GrossWeight	Q_WEIGHT	Total gross weight of the slab without add-on parts, not taking into account possible processing features (cut-out's, etc.) or openings and recesses.
Qto_SlabBaseQuantities	IfcSlab	NetWeight	Q_WEIGHT	Total net weight of the slab without add-on parts, taking into account possible processing features (cut-out's, etc.) or openings and recesses.
Qto_SolarDeviceBaseQuantities	IfcSolarDevice	GrossWeight	Q_WEIGHT	Weight of the element.
Qto_SolarDeviceBaseQuantities	IfcSolarDevice	GrossArea	Q_AREA	Area of the solar device including the outer frame.
Qto_SpaceBaseQuantities	IfcSpace	Height	Q_LENGTH	Total height (from base slab without flooring to ceiling without suspended ceiling) for this space (measured from top of slab below to bottom of slab above). To be provided only if the space has a constant height.
Qto_SpaceBaseQuantities	IfcSpace	FinishCeilingHeight	Q_LENGTH	Height of the suspended ceiling (from top of flooring to the bottom of the suspended ceiling). To be provided only if the space has a suspended ceiling with constant height.
Qto_SpaceBaseQuantities	IfcSpace	FinishFloorHeight	Q_LENGTH	Height of the flooring (from base slab without flooring to the flooring height). To be provided only if the space has a constant flooring height.
Qto_SpaceBaseQuantities	IfcSpace	GrossPerimeter	Q_LENGTH	Gross perimeter at the floor level of this space. It all sides of the space, including those parts of the perimeter that are created by virtual boundaries and openings (like doors).
Qto_SpaceBaseQuantities	IfcSpace	NetPerimeter	Q_LENGTH	Net perimeter at the floor level of this space. It excludes those parts of the perimeter that are created by by virtual boundaries and openings (like doors). It is the measurement used for skirting boards and may includes the perimeter of internal fixed objects like columns.
Qto_SpaceBaseQuantities	IfcSpace	GrossFloorArea	Q_AREA	Sum of all floor areas covered by the space. It includes the area covered by elementsinside the space (columns, inner walls, etc.) and excludes the area covered by wall claddings. 
Qto_SpaceBaseQuantities	IfcSpace	NetFloorArea	Q_AREA	Sum of all usable floor areas covered by the space. It excludes the area covered  by elements inside the space (columns, inner walls, built-in's etc.), slab openings, or other protruding elements. Varying heights are not taking into account (i.e. no reduction for areas under a minimum headroom).
Qto_SpaceBaseQuantities	IfcSpace	GrossWallArea	Q_AREA	Sum of all wall (and other vertically bounding elements, like columns) areas bounded by the space. It includes the area covered by elements inside the wall area (doors, windows, other openings, etc.).
Qto_SpaceBaseQuantities	IfcSpace	NetWallArea	Q_AREA	Sum of all wall (and other vertically bounding elements, like columns) areas bounded by the space. It excludes the area covered by elements inside the wall area (doors, windows, other openings, etc.).
Qto_SpaceBaseQuantities	IfcSpace	GrossCeilingArea	Q_AREA	Sum of all ceiling areas of the space. It includes the area covered by elementsinside the space (columns, inner walls, etc.). The ceiling area is the real (and not the projected) area (e.g. in case of sloped ceilings).
Qto_SpaceBaseQuantities	IfcSpace	NetCeilingArea	Q_AREA	Sum of all ceiling areas of the space. It excludes the area covered by elementsinside the space (columns, inner walls, etc.). The ceiling area is the real (and not the projected) area (e.g. in case of sloped ceilings).
Qto_SpaceBaseQuantities	IfcSpace	GrossVolume	Q_VOLUME	Gross volume enclosed by the space, including the volume of construction elements inside the space.
Qto_SpaceBaseQuantities	IfcSpace	NetVolume	Q_VOLUME	Net volume enclosed by the space, excluding the volume of construction elements inside the space.
Qto_SpaceHeaterBaseQuantities	IfcSpaceHeater	Length	Q_LENGTH	Length of the water tube inside the component, if applicable.
Qto_SpaceHeaterBaseQuantities	IfcSpaceHeater	GrossWeight	Q_WEIGHT	Weight of the element itself, not including contained fluid.
Qto_SpaceHeaterBaseQuantities	IfcSpaceHeater	NetWeight	Q_WEIGHT	Weight of the element, including contained fluid as designed.
Qto_StackTerminalBaseQuantities	IfcStackTerminal	GrossWeight	Q_WEIGHT	Weight of the element.
Qto_StairFlightBaseQuantities	IfcStairFlight	Length	Q_LENGTH	Total length of the stair flight along the walking line.
Qto_StairFlightBaseQuantities	IfcStairFlight	GrossVolume	Q_VOLUME	Total gross volume of the stair flight. Openings, recesses, and projections are not taken into account. 
Qto_StairFlightBaseQuantities	IfcStairFlight	NetVolume	Q_VOLUME	Total net volume of the stair flight. Openings and recesses are taken into account by subtraction, projections by addition. 
Qto_SwitchingDeviceBaseQuantities	IfcSwitchingDevice	GrossWeight	Q_WEIGHT	Weight of the element.
Qto_TankBaseQuantities	IfcTank	GrossWeight	Q_WEIGHT	Weight of the element itself, not including contained fluid.
Qto_TankBaseQuantities	IfcTank	NetWeight	Q_WEIGHT	Weight of the element, including contained fluid as designed.
Qto_TankBaseQuantities	IfcTank	TotalSurfaceArea	Q_AREA	Total surface area of the element.
Qto_TransformerBaseQuantities	IfcTransformer	GrossWeight	Q_WEIGHT	Weight of the element.
Qto_TubeBundleBaseQuantities	IfcTubeBundle	GrossWeight	Q_WEIGHT	Weight of the element itself, not including contained fluid.
Qto_TubeBundleBaseQuantities	IfcTubeBundle	NetWeight	Q_WEIGHT	Weight of the element, including contained fluid as designed.
Qto_UnitaryControlElementBaseQuantities	IfcUnitaryControlElement	GrossWeight	Q_WEIGHT	Weight of the element.
Qto_UnitaryEquipmentBaseQuantities	IfcUnitaryEquipment	GrossWeight	Q_WEIGHT	Weight of the element.
Qto_ValveBaseQuantities	IfcValve	GrossWeight	Q_WEIGHT	Weight of the element.
Qto_VibrationIsolatorBaseQuantities	IfcVibrationIsolator	GrossWeight	Q_WEIGHT	Weight of the element.
Qto_WallBaseQuantities	IfcWall	Length	Q_LENGTH	Total nominal length of the wall along the wall center line (even if different to the wall path).
Qto_WallBaseQuantities	IfcWall	Width	Q_LENGTH	Total nominal width (or thickness) of the wall measured perpendicular to the wall path. It should only be provided, if it is constant along the wall path.
Qto_WallBaseQuantities	IfcWall	Height	Q_LENGTH	Total nominal height of the wall. It should only be provided, if it is constant along the wall path. 
Qto_WallBaseQuantities	IfcWall	GrossFootprintArea	Q_AREA	Area of the wall as viewed by a ground floor view, not taking any wall modifications (like recesses) into account. It is also referred to as the foot print of the wall.
Qto_WallBaseQuantities	IfcWall	NetFootprintArea	Q_AREA	Area of the wall as viewed by a ground floor view, taking all wall modifications (like recesses) into account. It is also referred to as the foot print of the wall. 
Qto_WallBaseQuantities	IfcWall	GrossSideArea	Q_AREA	Area of the wall as viewed by an elevation view of the middle plane of the wall.  It does not take into account any wall modifications (such as openings). 
Qto_WallBaseQuantities	IfcWall	NetSideArea	Q_AREA	Area of the wall as viewed by an elevation view of the middle plane. It does take into account all wall modifications (such as openings). 
Qto_WallBaseQuantities	IfcWall	GrossVolume	Q_VOLUME	Volume of the wall, without taking into account the openings and the connection geometry.
Qto_WallBaseQuantities	IfcWall	NetVolume	Q_VOLUME	Volume of the wall, after subtracting the openings and after considering the connection geometry. 
Qto_WallBaseQuantities	IfcWall	GrossWeight	Q_WEIGHT	Total gross weight of the wall, without add-on parts, not taking into account possible processing features (cut-out's, etc.) or openings and recesses.
Qto_WallBaseQuantities	IfcWall	NetWeight	Q_WEIGHT	Total net weight of the wall, without add-on parts, taking into account possible processing features (cut-out's, etc.) or openings and recesses.
Qto_WasteTerminalBaseQuantities	IfcWasteTerminal	GrossWeight	Q_WEIGHT	Weight of the element.
Qto_WindowBaseQuantities	IfcWindow	Width	Q_LENGTH	Total outer width of the window lining. It should only be provided, if it is a rectangular window.
Qto_WindowBaseQuantities	IfcWindow	Height	Q_LENGTH	Total outer heigth of the window lining. It should only be provided, if it is a rectangular window.
Qto_WindowBaseQuantities	IfcWindow	Perimeter	Q_LENGTH	Total perimeter of the outer lining of the window.
Qto_WindowBaseQuantities	IfcWindow	Area	Q_AREA	Total area of the outer lining of the window.
